image,label
data/user/Img/me0-01.png,0
data/user/Img/me0-02.png,0
data/user/Img/me0-03.png,0
data/user/Img/me0-04.png,0
data/user/Img/me0-05.png,0
data/user/Img/me0-06.png,0
data/user/Img/me0-07.png,0
data/user/Img/me0-08.png,0
data/user/Img/me0-09.png,0
data/user/Img/me0-10.png,0
data/user/Img/me0-11.png,0
data/user/Img/me0-12.png,0
data/user/Img/me0-13.png,0
data/user/Img/me0-14.png,0
data/user/Img/me0-15.png,0
data/user/Img/me0-16.png,0
data/user/Img/me0-17.png,0
data/user/Img/me0-18.png,0
data/user/Img/me0-19.png,0
data/user/Img/me0-20.png,0
data/user/Img/me1-01.png,1
data/user/Img/me1-02.png,1
data/user/Img/me1-03.png,1
data/user/Img/me1-04.png,1
data/user/Img/me1-05.png,1
data/user/Img/me1-06.png,1
data/user/Img/me1-07.png,1
data/user/Img/me1-08.png,1
data/user/Img/me1-09.png,1
data/user/Img/me1-10.png,1
data/user/Img/me1-11.png,1
data/user/Img/me1-12.png,1
data/user/Img/me1-13.png,1
data/user/Img/me1-14.png,1
data/user/Img/me1-15.png,1
data/user/Img/me1-16.png,1
data/user/Img/me1-17.png,1
data/user/Img/me1-18.png,1
data/user/Img/me1-19.png,1
data/user/Img/me1-20.png,1
data/user/Img/me2-01.png,2
data/user/Img/me2-02.png,2
data/user/Img/me2-03.png,2
data/user/Img/me2-04.png,2
data/user/Img/me2-05.png,2
data/user/Img/me2-06.png,2
data/user/Img/me2-07.png,2
data/user/Img/me2-08.png,2
data/user/Img/me2-09.png,2
data/user/Img/me2-10.png,2
data/user/Img/me2-11.png,2
data/user/Img/me2-12.png,2
data/user/Img/me2-13.png,2
data/user/Img/me2-14.png,2
data/user/Img/me2-15.png,2
data/user/Img/me2-16.png,2
data/user/Img/me2-17.png,2
data/user/Img/me2-18.png,2
data/user/Img/me2-19.png,2
data/user/Img/me2-20.png,2
data/user/Img/me3-01.png,3
data/user/Img/me3-02.png,3
data/user/Img/me3-03.png,3
data/user/Img/me3-04.png,3
data/user/Img/me3-05.png,3
data/user/Img/me3-06.png,3
data/user/Img/me3-07.png,3
data/user/Img/me3-08.png,3
data/user/Img/me3-09.png,3
data/user/Img/me3-10.png,3
data/user/Img/me3-11.png,3
data/user/Img/me3-12.png,3
data/user/Img/me3-13.png,3
data/user/Img/me3-14.png,3
data/user/Img/me3-15.png,3
data/user/Img/me3-16.png,3
data/user/Img/me3-17.png,3
data/user/Img/me3-18.png,3
data/user/Img/me3-19.png,3
data/user/Img/me3-20.png,3
data/user/Img/me4-01.png,4
data/user/Img/me4-02.png,4
data/user/Img/me4-03.png,4
data/user/Img/me4-04.png,4
data/user/Img/me4-05.png,4
data/user/Img/me4-06.png,4
data/user/Img/me4-07.png,4
data/user/Img/me4-08.png,4
data/user/Img/me4-09.png,4
data/user/Img/me4-10.png,4
data/user/Img/me4-11.png,4
data/user/Img/me4-12.png,4
data/user/Img/me4-13.png,4
data/user/Img/me4-14.png,4
data/user/Img/me4-15.png,4
data/user/Img/me4-16.png,4
data/user/Img/me4-17.png,4
data/user/Img/me4-18.png,4
data/user/Img/me4-19.png,4
data/user/Img/me4-20.png,4
data/user/Img/me5-01.png,5
data/user/Img/me5-02.png,5
data/user/Img/me5-03.png,5
data/user/Img/me5-04.png,5
data/user/Img/me5-05.png,5
data/user/Img/me5-06.png,5
data/user/Img/me5-07.png,5
data/user/Img/me5-08.png,5
data/user/Img/me5-09.png,5
data/user/Img/me5-10.png,5
data/user/Img/me5-11.png,5
data/user/Img/me5-12.png,5
data/user/Img/me5-13.png,5
data/user/Img/me5-14.png,5
data/user/Img/me5-15.png,5
data/user/Img/me5-16.png,5
data/user/Img/me5-17.png,5
data/user/Img/me5-18.png,5
data/user/Img/me5-19.png,5
data/user/Img/me5-20.png,5
data/user/Img/me6-01.png,6
data/user/Img/me6-02.png,6
data/user/Img/me6-03.png,6
data/user/Img/me6-04.png,6
data/user/Img/me6-05.png,6
data/user/Img/me6-06.png,6
data/user/Img/me6-07.png,6
data/user/Img/me6-08.png,6
data/user/Img/me6-09.png,6
data/user/Img/me6-10.png,6
data/user/Img/me6-11.png,6
data/user/Img/me6-12.png,6
data/user/Img/me6-13.png,6
data/user/Img/me6-14.png,6
data/user/Img/me6-15.png,6
data/user/Img/me6-16.png,6
data/user/Img/me6-17.png,6
data/user/Img/me6-18.png,6
data/user/Img/me6-19.png,6
data/user/Img/me6-20.png,6
data/user/Img/me7-01.png,7
data/user/Img/me7-02.png,7
data/user/Img/me7-03.png,7
data/user/Img/me7-04.png,7
data/user/Img/me7-05.png,7
data/user/Img/me7-06.png,7
data/user/Img/me7-07.png,7
data/user/Img/me7-08.png,7
data/user/Img/me7-09.png,7
data/user/Img/me7-10.png,7
data/user/Img/me7-11.png,7
data/user/Img/me7-12.png,7
data/user/Img/me7-13.png,7
data/user/Img/me7-14.png,7
data/user/Img/me7-15.png,7
data/user/Img/me7-16.png,7
data/user/Img/me7-17.png,7
data/user/Img/me7-18.png,7
data/user/Img/me7-19.png,7
data/user/Img/me7-20.png,7
data/user/Img/me8-01.png,8
data/user/Img/me8-02.png,8
data/user/Img/me8-03.png,8
data/user/Img/me8-04.png,8
data/user/Img/me8-05.png,8
data/user/Img/me8-06.png,8
data/user/Img/me8-07.png,8
data/user/Img/me8-08.png,8
data/user/Img/me8-09.png,8
data/user/Img/me8-10.png,8
data/user/Img/me8-11.png,8
data/user/Img/me8-12.png,8
data/user/Img/me8-13.png,8
data/user/Img/me8-14.png,8
data/user/Img/me8-15.png,8
data/user/Img/me8-16.png,8
data/user/Img/me8-17.png,8
data/user/Img/me8-18.png,8
data/user/Img/me8-19.png,8
data/user/Img/me8-20.png,8
data/user/Img/me9-01.png,9
data/user/Img/me9-02.png,9
data/user/Img/me9-03.png,9
data/user/Img/me9-04.png,9
data/user/Img/me9-05.png,9
data/user/Img/me9-06.png,9
data/user/Img/me9-07.png,9
data/user/Img/me9-08.png,9
data/user/Img/me9-09.png,9
data/user/Img/me9-10.png,9
data/user/Img/me9-11.png,9
data/user/Img/me9-12.png,9
data/user/Img/me9-13.png,9
data/user/Img/me9-14.png,9
data/user/Img/me9-15.png,9
data/user/Img/me9-16.png,9
data/user/Img/me9-17.png,9
data/user/Img/me9-18.png,9
data/user/Img/me9-19.png,9
data/user/Img/me9-20.png,9
data/user/Img/mea-01.png,a
data/user/Img/mea-02.png,a
data/user/Img/mea-03.png,a
data/user/Img/mea-04.png,a
data/user/Img/mea-05.png,a
data/user/Img/mea-06.png,a
data/user/Img/mea-07.png,a
data/user/Img/mea-08.png,a
data/user/Img/mea-09.png,a
data/user/Img/mea-10.png,a
data/user/Img/mea-11.png,a
data/user/Img/mea-12.png,a
data/user/Img/mea-13.png,a
data/user/Img/mea-14.png,a
data/user/Img/mea-15.png,a
data/user/Img/mea-16.png,a
data/user/Img/mea-17.png,a
data/user/Img/mea-18.png,a
data/user/Img/mea-19.png,a
data/user/Img/mea-20.png,a
data/user/Img/meb-01.png,b
data/user/Img/meb-02.png,b
data/user/Img/meb-03.png,b
data/user/Img/meb-04.png,b
data/user/Img/meb-05.png,b
data/user/Img/meb-06.png,b
data/user/Img/meb-07.png,b
data/user/Img/meb-08.png,b
data/user/Img/meb-09.png,b
data/user/Img/meb-10.png,b
data/user/Img/meb-11.png,b
data/user/Img/meb-12.png,b
data/user/Img/meb-13.png,b
data/user/Img/meb-14.png,b
data/user/Img/meb-15.png,b
data/user/Img/meb-16.png,b
data/user/Img/meb-17.png,b
data/user/Img/meb-18.png,b
data/user/Img/meb-19.png,b
data/user/Img/meb-20.png,b
data/user/Img/mec-01.png,c
data/user/Img/mec-02.png,c
data/user/Img/mec-03.png,c
data/user/Img/mec-04.png,c
data/user/Img/mec-05.png,c
data/user/Img/mec-06.png,c
data/user/Img/mec-07.png,c
data/user/Img/mec-08.png,c
data/user/Img/mec-09.png,c
data/user/Img/mec-10.png,c
data/user/Img/mec-11.png,c
data/user/Img/mec-12.png,c
data/user/Img/mec-13.png,c
data/user/Img/mec-14.png,c
data/user/Img/mec-15.png,c
data/user/Img/mec-16.png,c
data/user/Img/mec-17.png,c
data/user/Img/mec-18.png,c
data/user/Img/mec-19.png,c
data/user/Img/mec-20.png,c
data/user/Img/med-01.png,d
data/user/Img/med-02.png,d
data/user/Img/med-03.png,d
data/user/Img/med-04.png,d
data/user/Img/med-05.png,d
data/user/Img/med-06.png,d
data/user/Img/med-07.png,d
data/user/Img/med-08.png,d
data/user/Img/med-09.png,d
data/user/Img/med-10.png,d
data/user/Img/med-11.png,d
data/user/Img/med-12.png,d
data/user/Img/med-13.png,d
data/user/Img/med-14.png,d
data/user/Img/med-15.png,d
data/user/Img/med-16.png,d
data/user/Img/med-17.png,d
data/user/Img/med-18.png,d
data/user/Img/med-19.png,d
data/user/Img/med-20.png,d
data/user/Img/mee-01.png,e
data/user/Img/mee-02.png,e
data/user/Img/mee-03.png,e
data/user/Img/mee-04.png,e
data/user/Img/mee-05.png,e
data/user/Img/mee-06.png,e
data/user/Img/mee-07.png,e
data/user/Img/mee-08.png,e
data/user/Img/mee-09.png,e
data/user/Img/mee-10.png,e
data/user/Img/mee-11.png,e
data/user/Img/mee-12.png,e
data/user/Img/mee-13.png,e
data/user/Img/mee-14.png,e
data/user/Img/mee-15.png,e
data/user/Img/mee-16.png,e
data/user/Img/mee-17.png,e
data/user/Img/mee-18.png,e
data/user/Img/mee-19.png,e
data/user/Img/mee-20.png,e
data/user/Img/mef-01.png,f
data/user/Img/mef-02.png,f
data/user/Img/mef-03.png,f
data/user/Img/mef-04.png,f
data/user/Img/mef-05.png,f
data/user/Img/mef-06.png,f
data/user/Img/mef-07.png,f
data/user/Img/mef-08.png,f
data/user/Img/mef-09.png,f
data/user/Img/mef-10.png,f
data/user/Img/mef-11.png,f
data/user/Img/mef-12.png,f
data/user/Img/mef-13.png,f
data/user/Img/mef-14.png,f
data/user/Img/mef-15.png,f
data/user/Img/mef-16.png,f
data/user/Img/mef-17.png,f
data/user/Img/mef-18.png,f
data/user/Img/mef-19.png,f
data/user/Img/mef-20.png,f
data/user/Img/meg-01.png,g
data/user/Img/meg-02.png,g
data/user/Img/meg-03.png,g
data/user/Img/meg-04.png,g
data/user/Img/meg-05.png,g
data/user/Img/meg-06.png,g
data/user/Img/meg-07.png,g
data/user/Img/meg-08.png,g
data/user/Img/meg-09.png,g
data/user/Img/meg-10.png,g
data/user/Img/meg-11.png,g
data/user/Img/meg-12.png,g
data/user/Img/meg-13.png,g
data/user/Img/meg-14.png,g
data/user/Img/meg-15.png,g
data/user/Img/meg-16.png,g
data/user/Img/meg-17.png,g
data/user/Img/meg-18.png,g
data/user/Img/meg-19.png,g
data/user/Img/meg-20.png,g
data/user/Img/meh-01.png,h
data/user/Img/meh-02.png,h
data/user/Img/meh-03.png,h
data/user/Img/meh-04.png,h
data/user/Img/meh-05.png,h
data/user/Img/meh-06.png,h
data/user/Img/meh-07.png,h
data/user/Img/meh-08.png,h
data/user/Img/meh-09.png,h
data/user/Img/meh-10.png,h
data/user/Img/meh-11.png,h
data/user/Img/meh-12.png,h
data/user/Img/meh-13.png,h
data/user/Img/meh-14.png,h
data/user/Img/meh-15.png,h
data/user/Img/meh-16.png,h
data/user/Img/meh-17.png,h
data/user/Img/meh-18.png,h
data/user/Img/meh-19.png,h
data/user/Img/meh-20.png,h
data/user/Img/mei-01.png,i
data/user/Img/mei-02.png,i
data/user/Img/mei-03.png,i
data/user/Img/mei-04.png,i
data/user/Img/mei-05.png,i
data/user/Img/mei-06.png,i
data/user/Img/mei-07.png,i
data/user/Img/mei-08.png,i
data/user/Img/mei-09.png,i
data/user/Img/mei-10.png,i
data/user/Img/mei-11.png,i
data/user/Img/mei-12.png,i
data/user/Img/mei-13.png,i
data/user/Img/mei-14.png,i
data/user/Img/mei-15.png,i
data/user/Img/mei-16.png,i
data/user/Img/mei-17.png,i
data/user/Img/mei-18.png,i
data/user/Img/mei-19.png,i
data/user/Img/mei-20.png,i
data/user/Img/mej-01.png,j
data/user/Img/mej-02.png,j
data/user/Img/mej-03.png,j
data/user/Img/mej-04.png,j
data/user/Img/mej-05.png,j
data/user/Img/mej-06.png,j
data/user/Img/mej-07.png,j
data/user/Img/mej-08.png,j
data/user/Img/mej-09.png,j
data/user/Img/mej-10.png,j
data/user/Img/mej-11.png,j
data/user/Img/mej-12.png,j
data/user/Img/mej-13.png,j
data/user/Img/mej-14.png,j
data/user/Img/mej-15.png,j
data/user/Img/mej-16.png,j
data/user/Img/mej-17.png,j
data/user/Img/mej-18.png,j
data/user/Img/mej-19.png,j
data/user/Img/mej-20.png,j
data/user/Img/mek-01.png,k
data/user/Img/mek-02.png,k
data/user/Img/mek-03.png,k
data/user/Img/mek-04.png,k
data/user/Img/mek-05.png,k
data/user/Img/mek-06.png,k
data/user/Img/mek-07.png,k
data/user/Img/mek-08.png,k
data/user/Img/mek-09.png,k
data/user/Img/mek-10.png,k
data/user/Img/mek-11.png,k
data/user/Img/mek-12.png,k
data/user/Img/mek-13.png,k
data/user/Img/mek-14.png,k
data/user/Img/mek-15.png,k
data/user/Img/mek-16.png,k
data/user/Img/mek-17.png,k
data/user/Img/mek-18.png,k
data/user/Img/mek-19.png,k
data/user/Img/mek-20.png,k
data/user/Img/mel-01.png,l
data/user/Img/mel-02.png,l
data/user/Img/mel-03.png,l
data/user/Img/mel-04.png,l
data/user/Img/mel-05.png,l
data/user/Img/mel-06.png,l
data/user/Img/mel-07.png,l
data/user/Img/mel-08.png,l
data/user/Img/mel-09.png,l
data/user/Img/mel-10.png,l
data/user/Img/mel-11.png,l
data/user/Img/mel-12.png,l
data/user/Img/mel-13.png,l
data/user/Img/mel-14.png,l
data/user/Img/mel-15.png,l
data/user/Img/mel-16.png,l
data/user/Img/mel-17.png,l
data/user/Img/mel-18.png,l
data/user/Img/mel-19.png,l
data/user/Img/mel-20.png,l
data/user/Img/mem-01.png,m
data/user/Img/mem-02.png,m
data/user/Img/mem-03.png,m
data/user/Img/mem-04.png,m
data/user/Img/mem-05.png,m
data/user/Img/mem-06.png,m
data/user/Img/mem-07.png,m
data/user/Img/mem-08.png,m
data/user/Img/mem-09.png,m
data/user/Img/mem-10.png,m
data/user/Img/mem-11.png,m
data/user/Img/mem-12.png,m
data/user/Img/mem-13.png,m
data/user/Img/mem-14.png,m
data/user/Img/mem-15.png,m
data/user/Img/mem-16.png,m
data/user/Img/mem-17.png,m
data/user/Img/mem-18.png,m
data/user/Img/mem-19.png,m
data/user/Img/mem-20.png,m
data/user/Img/men-01.png,n
data/user/Img/men-02.png,n
data/user/Img/men-03.png,n
data/user/Img/men-04.png,n
data/user/Img/men-05.png,n
data/user/Img/men-06.png,n
data/user/Img/men-07.png,n
data/user/Img/men-08.png,n
data/user/Img/men-09.png,n
data/user/Img/men-10.png,n
data/user/Img/men-11.png,n
data/user/Img/men-12.png,n
data/user/Img/men-13.png,n
data/user/Img/men-14.png,n
data/user/Img/men-15.png,n
data/user/Img/men-16.png,n
data/user/Img/men-17.png,n
data/user/Img/men-18.png,n
data/user/Img/men-19.png,n
data/user/Img/men-20.png,n
data/user/Img/meo-01.png,o
data/user/Img/meo-02.png,o
data/user/Img/meo-03.png,o
data/user/Img/meo-04.png,o
data/user/Img/meo-05.png,o
data/user/Img/meo-06.png,o
data/user/Img/meo-07.png,o
data/user/Img/meo-08.png,o
data/user/Img/meo-09.png,o
data/user/Img/meo-10.png,o
data/user/Img/meo-11.png,o
data/user/Img/meo-12.png,o
data/user/Img/meo-13.png,o
data/user/Img/meo-14.png,o
data/user/Img/meo-15.png,o
data/user/Img/meo-16.png,o
data/user/Img/meo-17.png,o
data/user/Img/meo-18.png,o
data/user/Img/meo-19.png,o
data/user/Img/meo-20.png,o
data/user/Img/mep-01.png,p
data/user/Img/mep-02.png,p
data/user/Img/mep-03.png,p
data/user/Img/mep-04.png,p
data/user/Img/mep-05.png,p
data/user/Img/mep-06.png,p
data/user/Img/mep-07.png,p
data/user/Img/mep-08.png,p
data/user/Img/mep-09.png,p
data/user/Img/mep-10.png,p
data/user/Img/mep-11.png,p
data/user/Img/mep-12.png,p
data/user/Img/mep-13.png,p
data/user/Img/mep-14.png,p
data/user/Img/mep-15.png,p
data/user/Img/mep-16.png,p
data/user/Img/mep-17.png,p
data/user/Img/mep-18.png,p
data/user/Img/mep-19.png,p
data/user/Img/mep-20.png,p
data/user/Img/meq-01.png,q
data/user/Img/meq-02.png,q
data/user/Img/meq-03.png,q
data/user/Img/meq-04.png,q
data/user/Img/meq-05.png,q
data/user/Img/meq-06.png,q
data/user/Img/meq-07.png,q
data/user/Img/meq-08.png,q
data/user/Img/meq-09.png,q
data/user/Img/meq-10.png,q
data/user/Img/meq-11.png,q
data/user/Img/meq-12.png,q
data/user/Img/meq-13.png,q
data/user/Img/meq-14.png,q
data/user/Img/meq-15.png,q
data/user/Img/meq-16.png,q
data/user/Img/meq-17.png,q
data/user/Img/meq-18.png,q
data/user/Img/meq-19.png,q
data/user/Img/meq-20.png,q
data/user/Img/mer-01.png,r
data/user/Img/mer-02.png,r
data/user/Img/mer-03.png,r
data/user/Img/mer-04.png,r
data/user/Img/mer-05.png,r
data/user/Img/mer-06.png,r
data/user/Img/mer-07.png,r
data/user/Img/mer-08.png,r
data/user/Img/mer-09.png,r
data/user/Img/mer-10.png,r
data/user/Img/mer-11.png,r
data/user/Img/mer-12.png,r
data/user/Img/mer-13.png,r
data/user/Img/mer-14.png,r
data/user/Img/mer-15.png,r
data/user/Img/mer-16.png,r
data/user/Img/mer-17.png,r
data/user/Img/mer-18.png,r
data/user/Img/mer-19.png,r
data/user/Img/mer-20.png,r
data/user/Img/mes-01.png,s
data/user/Img/mes-02.png,s
data/user/Img/mes-03.png,s
data/user/Img/mes-04.png,s
data/user/Img/mes-05.png,s
data/user/Img/mes-06.png,s
data/user/Img/mes-07.png,s
data/user/Img/mes-08.png,s
data/user/Img/mes-09.png,s
data/user/Img/mes-10.png,s
data/user/Img/mes-11.png,s
data/user/Img/mes-12.png,s
data/user/Img/mes-13.png,s
data/user/Img/mes-14.png,s
data/user/Img/mes-15.png,s
data/user/Img/mes-16.png,s
data/user/Img/mes-17.png,s
data/user/Img/mes-18.png,s
data/user/Img/mes-19.png,s
data/user/Img/mes-20.png,s
data/user/Img/met-01.png,t
data/user/Img/met-02.png,t
data/user/Img/met-03.png,t
data/user/Img/met-04.png,t
data/user/Img/met-05.png,t
data/user/Img/met-06.png,t
data/user/Img/met-07.png,t
data/user/Img/met-08.png,t
data/user/Img/met-09.png,t
data/user/Img/met-10.png,t
data/user/Img/met-11.png,t
data/user/Img/met-12.png,t
data/user/Img/met-13.png,t
data/user/Img/met-14.png,t
data/user/Img/met-15.png,t
data/user/Img/met-16.png,t
data/user/Img/met-17.png,t
data/user/Img/met-18.png,t
data/user/Img/met-19.png,t
data/user/Img/met-20.png,t
data/user/Img/meu-01.png,u
data/user/Img/meu-02.png,u
data/user/Img/meu-03.png,u
data/user/Img/meu-04.png,u
data/user/Img/meu-05.png,u
data/user/Img/meu-06.png,u
data/user/Img/meu-07.png,u
data/user/Img/meu-08.png,u
data/user/Img/meu-09.png,u
data/user/Img/meu-10.png,u
data/user/Img/meu-11.png,u
data/user/Img/meu-12.png,u
data/user/Img/meu-13.png,u
data/user/Img/meu-14.png,u
data/user/Img/meu-15.png,u
data/user/Img/meu-16.png,u
data/user/Img/meu-17.png,u
data/user/Img/meu-18.png,u
data/user/Img/meu-19.png,u
data/user/Img/meu-20.png,u
data/user/Img/mev-01.png,v
data/user/Img/mev-02.png,v
data/user/Img/mev-03.png,v
data/user/Img/mev-04.png,v
data/user/Img/mev-05.png,v
data/user/Img/mev-06.png,v
data/user/Img/mev-07.png,v
data/user/Img/mev-08.png,v
data/user/Img/mev-09.png,v
data/user/Img/mev-10.png,v
data/user/Img/mev-11.png,v
data/user/Img/mev-12.png,v
data/user/Img/mev-13.png,v
data/user/Img/mev-14.png,v
data/user/Img/mev-15.png,v
data/user/Img/mev-16.png,v
data/user/Img/mev-17.png,v
data/user/Img/mev-18.png,v
data/user/Img/mev-19.png,v
data/user/Img/mev-20.png,v
data/user/Img/mew-01.png,w
data/user/Img/mew-02.png,w
data/user/Img/mew-03.png,w
data/user/Img/mew-04.png,w
data/user/Img/mew-05.png,w
data/user/Img/mew-06.png,w
data/user/Img/mew-07.png,w
data/user/Img/mew-08.png,w
data/user/Img/mew-09.png,w
data/user/Img/mew-10.png,w
data/user/Img/mew-11.png,w
data/user/Img/mew-12.png,w
data/user/Img/mew-13.png,w
data/user/Img/mew-14.png,w
data/user/Img/mew-15.png,w
data/user/Img/mew-16.png,w
data/user/Img/mew-17.png,w
data/user/Img/mew-18.png,w
data/user/Img/mew-19.png,w
data/user/Img/mew-20.png,w
data/user/Img/mex-01.png,x
data/user/Img/mex-02.png,x
data/user/Img/mex-03.png,x
data/user/Img/mex-04.png,x
data/user/Img/mex-05.png,x
data/user/Img/mex-06.png,x
data/user/Img/mex-07.png,x
data/user/Img/mex-08.png,x
data/user/Img/mex-09.png,x
data/user/Img/mex-10.png,x
data/user/Img/mex-11.png,x
data/user/Img/mex-12.png,x
data/user/Img/mex-13.png,x
data/user/Img/mex-14.png,x
data/user/Img/mex-15.png,x
data/user/Img/mex-16.png,x
data/user/Img/mex-17.png,x
data/user/Img/mex-18.png,x
data/user/Img/mex-19.png,x
data/user/Img/mex-20.png,x
data/user/Img/mey-01.png,y
data/user/Img/mey-02.png,y
data/user/Img/mey-03.png,y
data/user/Img/mey-04.png,y
data/user/Img/mey-05.png,y
data/user/Img/mey-06.png,y
data/user/Img/mey-07.png,y
data/user/Img/mey-08.png,y
data/user/Img/mey-09.png,y
data/user/Img/mey-10.png,y
data/user/Img/mey-11.png,y
data/user/Img/mey-12.png,y
data/user/Img/mey-13.png,y
data/user/Img/mey-14.png,y
data/user/Img/mey-15.png,y
data/user/Img/mey-16.png,y
data/user/Img/mey-17.png,y
data/user/Img/mey-18.png,y
data/user/Img/mey-19.png,y
data/user/Img/mey-20.png,y
data/user/Img/mez-01.png,z
data/user/Img/mez-02.png,z
data/user/Img/mez-03.png,z
data/user/Img/mez-04.png,z
data/user/Img/mez-05.png,z
data/user/Img/mez-06.png,z
data/user/Img/mez-07.png,z
data/user/Img/mez-08.png,z
data/user/Img/mez-09.png,z
data/user/Img/mez-10.png,z
data/user/Img/mez-11.png,z
data/user/Img/mez-12.png,z
data/user/Img/mez-13.png,z
data/user/Img/mez-14.png,z
data/user/Img/mez-15.png,z
data/user/Img/mez-16.png,z
data/user/Img/mez-17.png,z
data/user/Img/mez-18.png,z
data/user/Img/mez-19.png,z
data/user/Img/mez-20.png,z
data/user/Img/me!capA-01.png,A
data/user/Img/me!capA-02.png,A
data/user/Img/me!capA-03.png,A
data/user/Img/me!capA-04.png,A
data/user/Img/me!capA-05.png,A
data/user/Img/me!capA-06.png,A
data/user/Img/me!capA-07.png,A
data/user/Img/me!capA-08.png,A
data/user/Img/me!capA-09.png,A
data/user/Img/me!capA-10.png,A
data/user/Img/me!capA-11.png,A
data/user/Img/me!capA-12.png,A
data/user/Img/me!capA-13.png,A
data/user/Img/me!capA-14.png,A
data/user/Img/me!capA-15.png,A
data/user/Img/me!capA-16.png,A
data/user/Img/me!capA-17.png,A
data/user/Img/me!capA-18.png,A
data/user/Img/me!capA-19.png,A
data/user/Img/me!capA-20.png,A
data/user/Img/me!capB-01.png,B
data/user/Img/me!capB-02.png,B
data/user/Img/me!capB-03.png,B
data/user/Img/me!capB-04.png,B
data/user/Img/me!capB-05.png,B
data/user/Img/me!capB-06.png,B
data/user/Img/me!capB-07.png,B
data/user/Img/me!capB-08.png,B
data/user/Img/me!capB-09.png,B
data/user/Img/me!capB-10.png,B
data/user/Img/me!capB-11.png,B
data/user/Img/me!capB-12.png,B
data/user/Img/me!capB-13.png,B
data/user/Img/me!capB-14.png,B
data/user/Img/me!capB-15.png,B
data/user/Img/me!capB-16.png,B
data/user/Img/me!capB-17.png,B
data/user/Img/me!capB-18.png,B
data/user/Img/me!capB-19.png,B
data/user/Img/me!capB-20.png,B
data/user/Img/me!capC-01.png,C
data/user/Img/me!capC-02.png,C
data/user/Img/me!capC-03.png,C
data/user/Img/me!capC-04.png,C
data/user/Img/me!capC-05.png,C
data/user/Img/me!capC-06.png,C
data/user/Img/me!capC-07.png,C
data/user/Img/me!capC-08.png,C
data/user/Img/me!capC-09.png,C
data/user/Img/me!capC-10.png,C
data/user/Img/me!capC-11.png,C
data/user/Img/me!capC-12.png,C
data/user/Img/me!capC-13.png,C
data/user/Img/me!capC-14.png,C
data/user/Img/me!capC-15.png,C
data/user/Img/me!capC-16.png,C
data/user/Img/me!capC-17.png,C
data/user/Img/me!capC-18.png,C
data/user/Img/me!capC-19.png,C
data/user/Img/me!capC-20.png,C
data/user/Img/me!capD-01.png,D
data/user/Img/me!capD-02.png,D
data/user/Img/me!capD-03.png,D
data/user/Img/me!capD-04.png,D
data/user/Img/me!capD-05.png,D
data/user/Img/me!capD-06.png,D
data/user/Img/me!capD-07.png,D
data/user/Img/me!capD-08.png,D
data/user/Img/me!capD-09.png,D
data/user/Img/me!capD-10.png,D
data/user/Img/me!capD-11.png,D
data/user/Img/me!capD-12.png,D
data/user/Img/me!capD-13.png,D
data/user/Img/me!capD-14.png,D
data/user/Img/me!capD-15.png,D
data/user/Img/me!capD-16.png,D
data/user/Img/me!capD-17.png,D
data/user/Img/me!capD-18.png,D
data/user/Img/me!capD-19.png,D
data/user/Img/me!capD-20.png,D
data/user/Img/me!capE-01.png,E
data/user/Img/me!capE-02.png,E
data/user/Img/me!capE-03.png,E
data/user/Img/me!capE-04.png,E
data/user/Img/me!capE-05.png,E
data/user/Img/me!capE-06.png,E
data/user/Img/me!capE-07.png,E
data/user/Img/me!capE-08.png,E
data/user/Img/me!capE-09.png,E
data/user/Img/me!capE-10.png,E
data/user/Img/me!capE-11.png,E
data/user/Img/me!capE-12.png,E
data/user/Img/me!capE-13.png,E
data/user/Img/me!capE-14.png,E
data/user/Img/me!capE-15.png,E
data/user/Img/me!capE-16.png,E
data/user/Img/me!capE-17.png,E
data/user/Img/me!capE-18.png,E
data/user/Img/me!capE-19.png,E
data/user/Img/me!capE-20.png,E
data/user/Img/me!capF-01.png,F
data/user/Img/me!capF-02.png,F
data/user/Img/me!capF-03.png,F
data/user/Img/me!capF-04.png,F
data/user/Img/me!capF-05.png,F
data/user/Img/me!capF-06.png,F
data/user/Img/me!capF-07.png,F
data/user/Img/me!capF-08.png,F
data/user/Img/me!capF-09.png,F
data/user/Img/me!capF-10.png,F
data/user/Img/me!capF-11.png,F
data/user/Img/me!capF-12.png,F
data/user/Img/me!capF-13.png,F
data/user/Img/me!capF-14.png,F
data/user/Img/me!capF-15.png,F
data/user/Img/me!capF-16.png,F
data/user/Img/me!capF-17.png,F
data/user/Img/me!capF-18.png,F
data/user/Img/me!capF-19.png,F
data/user/Img/me!capF-20.png,F
data/user/Img/me!capG-01.png,G
data/user/Img/me!capG-02.png,G
data/user/Img/me!capG-03.png,G
data/user/Img/me!capG-04.png,G
data/user/Img/me!capG-05.png,G
data/user/Img/me!capG-06.png,G
data/user/Img/me!capG-07.png,G
data/user/Img/me!capG-08.png,G
data/user/Img/me!capG-09.png,G
data/user/Img/me!capG-10.png,G
data/user/Img/me!capG-11.png,G
data/user/Img/me!capG-12.png,G
data/user/Img/me!capG-13.png,G
data/user/Img/me!capG-14.png,G
data/user/Img/me!capG-15.png,G
data/user/Img/me!capG-16.png,G
data/user/Img/me!capG-17.png,G
data/user/Img/me!capG-18.png,G
data/user/Img/me!capG-19.png,G
data/user/Img/me!capG-20.png,G
data/user/Img/me!capH-01.png,H
data/user/Img/me!capH-02.png,H
data/user/Img/me!capH-03.png,H
data/user/Img/me!capH-04.png,H
data/user/Img/me!capH-05.png,H
data/user/Img/me!capH-06.png,H
data/user/Img/me!capH-07.png,H
data/user/Img/me!capH-08.png,H
data/user/Img/me!capH-09.png,H
data/user/Img/me!capH-10.png,H
data/user/Img/me!capH-11.png,H
data/user/Img/me!capH-12.png,H
data/user/Img/me!capH-13.png,H
data/user/Img/me!capH-14.png,H
data/user/Img/me!capH-15.png,H
data/user/Img/me!capH-16.png,H
data/user/Img/me!capH-17.png,H
data/user/Img/me!capH-18.png,H
data/user/Img/me!capH-19.png,H
data/user/Img/me!capH-20.png,H
data/user/Img/me!capI-01.png,I
data/user/Img/me!capI-02.png,I
data/user/Img/me!capI-03.png,I
data/user/Img/me!capI-04.png,I
data/user/Img/me!capI-05.png,I
data/user/Img/me!capI-06.png,I
data/user/Img/me!capI-07.png,I
data/user/Img/me!capI-08.png,I
data/user/Img/me!capI-09.png,I
data/user/Img/me!capI-10.png,I
data/user/Img/me!capI-11.png,I
data/user/Img/me!capI-12.png,I
data/user/Img/me!capI-13.png,I
data/user/Img/me!capI-14.png,I
data/user/Img/me!capI-15.png,I
data/user/Img/me!capI-16.png,I
data/user/Img/me!capI-17.png,I
data/user/Img/me!capI-18.png,I
data/user/Img/me!capI-19.png,I
data/user/Img/me!capI-20.png,I
data/user/Img/me!capJ-01.png,J
data/user/Img/me!capJ-02.png,J
data/user/Img/me!capJ-03.png,J
data/user/Img/me!capJ-04.png,J
data/user/Img/me!capJ-05.png,J
data/user/Img/me!capJ-06.png,J
data/user/Img/me!capJ-07.png,J
data/user/Img/me!capJ-08.png,J
data/user/Img/me!capJ-09.png,J
data/user/Img/me!capJ-10.png,J
data/user/Img/me!capJ-11.png,J
data/user/Img/me!capJ-12.png,J
data/user/Img/me!capJ-13.png,J
data/user/Img/me!capJ-14.png,J
data/user/Img/me!capJ-15.png,J
data/user/Img/me!capJ-16.png,J
data/user/Img/me!capJ-17.png,J
data/user/Img/me!capJ-18.png,J
data/user/Img/me!capJ-19.png,J
data/user/Img/me!capJ-20.png,J
data/user/Img/me!capK-01.png,K
data/user/Img/me!capK-02.png,K
data/user/Img/me!capK-03.png,K
data/user/Img/me!capK-04.png,K
data/user/Img/me!capK-05.png,K
data/user/Img/me!capK-06.png,K
data/user/Img/me!capK-07.png,K
data/user/Img/me!capK-08.png,K
data/user/Img/me!capK-09.png,K
data/user/Img/me!capK-10.png,K
data/user/Img/me!capK-11.png,K
data/user/Img/me!capK-12.png,K
data/user/Img/me!capK-13.png,K
data/user/Img/me!capK-14.png,K
data/user/Img/me!capK-15.png,K
data/user/Img/me!capK-16.png,K
data/user/Img/me!capK-17.png,K
data/user/Img/me!capK-18.png,K
data/user/Img/me!capK-19.png,K
data/user/Img/me!capK-20.png,K
data/user/Img/me!capL-01.png,L
data/user/Img/me!capL-02.png,L
data/user/Img/me!capL-03.png,L
data/user/Img/me!capL-04.png,L
data/user/Img/me!capL-05.png,L
data/user/Img/me!capL-06.png,L
data/user/Img/me!capL-07.png,L
data/user/Img/me!capL-08.png,L
data/user/Img/me!capL-09.png,L
data/user/Img/me!capL-10.png,L
data/user/Img/me!capL-11.png,L
data/user/Img/me!capL-12.png,L
data/user/Img/me!capL-13.png,L
data/user/Img/me!capL-14.png,L
data/user/Img/me!capL-15.png,L
data/user/Img/me!capL-16.png,L
data/user/Img/me!capL-17.png,L
data/user/Img/me!capL-18.png,L
data/user/Img/me!capL-19.png,L
data/user/Img/me!capL-20.png,L
data/user/Img/me!capM-01.png,M
data/user/Img/me!capM-02.png,M
data/user/Img/me!capM-03.png,M
data/user/Img/me!capM-04.png,M
data/user/Img/me!capM-05.png,M
data/user/Img/me!capM-06.png,M
data/user/Img/me!capM-07.png,M
data/user/Img/me!capM-08.png,M
data/user/Img/me!capM-09.png,M
data/user/Img/me!capM-10.png,M
data/user/Img/me!capM-11.png,M
data/user/Img/me!capM-12.png,M
data/user/Img/me!capM-13.png,M
data/user/Img/me!capM-14.png,M
data/user/Img/me!capM-15.png,M
data/user/Img/me!capM-16.png,M
data/user/Img/me!capM-17.png,M
data/user/Img/me!capM-18.png,M
data/user/Img/me!capM-19.png,M
data/user/Img/me!capM-20.png,M
data/user/Img/me!capN-01.png,N
data/user/Img/me!capN-02.png,N
data/user/Img/me!capN-03.png,N
data/user/Img/me!capN-04.png,N
data/user/Img/me!capN-05.png,N
data/user/Img/me!capN-06.png,N
data/user/Img/me!capN-07.png,N
data/user/Img/me!capN-08.png,N
data/user/Img/me!capN-09.png,N
data/user/Img/me!capN-10.png,N
data/user/Img/me!capN-11.png,N
data/user/Img/me!capN-12.png,N
data/user/Img/me!capN-13.png,N
data/user/Img/me!capN-14.png,N
data/user/Img/me!capN-15.png,N
data/user/Img/me!capN-16.png,N
data/user/Img/me!capN-17.png,N
data/user/Img/me!capN-18.png,N
data/user/Img/me!capN-19.png,N
data/user/Img/me!capN-20.png,N
data/user/Img/me!capO-01.png,O
data/user/Img/me!capO-02.png,O
data/user/Img/me!capO-03.png,O
data/user/Img/me!capO-04.png,O
data/user/Img/me!capO-05.png,O
data/user/Img/me!capO-06.png,O
data/user/Img/me!capO-07.png,O
data/user/Img/me!capO-08.png,O
data/user/Img/me!capO-09.png,O
data/user/Img/me!capO-10.png,O
data/user/Img/me!capO-11.png,O
data/user/Img/me!capO-12.png,O
data/user/Img/me!capO-13.png,O
data/user/Img/me!capO-14.png,O
data/user/Img/me!capO-15.png,O
data/user/Img/me!capO-16.png,O
data/user/Img/me!capO-17.png,O
data/user/Img/me!capO-18.png,O
data/user/Img/me!capO-19.png,O
data/user/Img/me!capO-20.png,O
data/user/Img/me!capP-01.png,P
data/user/Img/me!capP-02.png,P
data/user/Img/me!capP-03.png,P
data/user/Img/me!capP-04.png,P
data/user/Img/me!capP-05.png,P
data/user/Img/me!capP-06.png,P
data/user/Img/me!capP-07.png,P
data/user/Img/me!capP-08.png,P
data/user/Img/me!capP-09.png,P
data/user/Img/me!capP-10.png,P
data/user/Img/me!capP-11.png,P
data/user/Img/me!capP-12.png,P
data/user/Img/me!capP-13.png,P
data/user/Img/me!capP-14.png,P
data/user/Img/me!capP-15.png,P
data/user/Img/me!capP-16.png,P
data/user/Img/me!capP-17.png,P
data/user/Img/me!capP-18.png,P
data/user/Img/me!capP-19.png,P
data/user/Img/me!capP-20.png,P
data/user/Img/me!capQ-01.png,Q
data/user/Img/me!capQ-02.png,Q
data/user/Img/me!capQ-03.png,Q
data/user/Img/me!capQ-04.png,Q
data/user/Img/me!capQ-05.png,Q
data/user/Img/me!capQ-06.png,Q
data/user/Img/me!capQ-07.png,Q
data/user/Img/me!capQ-08.png,Q
data/user/Img/me!capQ-09.png,Q
data/user/Img/me!capQ-10.png,Q
data/user/Img/me!capQ-11.png,Q
data/user/Img/me!capQ-12.png,Q
data/user/Img/me!capQ-13.png,Q
data/user/Img/me!capQ-14.png,Q
data/user/Img/me!capQ-15.png,Q
data/user/Img/me!capQ-16.png,Q
data/user/Img/me!capQ-17.png,Q
data/user/Img/me!capQ-18.png,Q
data/user/Img/me!capQ-19.png,Q
data/user/Img/me!capQ-20.png,Q
data/user/Img/me!capR-01.png,R
data/user/Img/me!capR-02.png,R
data/user/Img/me!capR-03.png,R
data/user/Img/me!capR-04.png,R
data/user/Img/me!capR-05.png,R
data/user/Img/me!capR-06.png,R
data/user/Img/me!capR-07.png,R
data/user/Img/me!capR-08.png,R
data/user/Img/me!capR-09.png,R
data/user/Img/me!capR-10.png,R
data/user/Img/me!capR-11.png,R
data/user/Img/me!capR-12.png,R
data/user/Img/me!capR-13.png,R
data/user/Img/me!capR-14.png,R
data/user/Img/me!capR-15.png,R
data/user/Img/me!capR-16.png,R
data/user/Img/me!capR-17.png,R
data/user/Img/me!capR-18.png,R
data/user/Img/me!capR-19.png,R
data/user/Img/me!capR-20.png,R
data/user/Img/me!capS-01.png,S
data/user/Img/me!capS-02.png,S
data/user/Img/me!capS-03.png,S
data/user/Img/me!capS-04.png,S
data/user/Img/me!capS-05.png,S
data/user/Img/me!capS-06.png,S
data/user/Img/me!capS-07.png,S
data/user/Img/me!capS-08.png,S
data/user/Img/me!capS-09.png,S
data/user/Img/me!capS-10.png,S
data/user/Img/me!capS-11.png,S
data/user/Img/me!capS-12.png,S
data/user/Img/me!capS-13.png,S
data/user/Img/me!capS-14.png,S
data/user/Img/me!capS-15.png,S
data/user/Img/me!capS-16.png,S
data/user/Img/me!capS-17.png,S
data/user/Img/me!capS-18.png,S
data/user/Img/me!capS-19.png,S
data/user/Img/me!capS-20.png,S
data/user/Img/me!capT-01.png,T
data/user/Img/me!capT-02.png,T
data/user/Img/me!capT-03.png,T
data/user/Img/me!capT-04.png,T
data/user/Img/me!capT-05.png,T
data/user/Img/me!capT-06.png,T
data/user/Img/me!capT-07.png,T
data/user/Img/me!capT-08.png,T
data/user/Img/me!capT-09.png,T
data/user/Img/me!capT-10.png,T
data/user/Img/me!capT-11.png,T
data/user/Img/me!capT-12.png,T
data/user/Img/me!capT-13.png,T
data/user/Img/me!capT-14.png,T
data/user/Img/me!capT-15.png,T
data/user/Img/me!capT-16.png,T
data/user/Img/me!capT-17.png,T
data/user/Img/me!capT-18.png,T
data/user/Img/me!capT-19.png,T
data/user/Img/me!capT-20.png,T
data/user/Img/me!capU-01.png,U
data/user/Img/me!capU-02.png,U
data/user/Img/me!capU-03.png,U
data/user/Img/me!capU-04.png,U
data/user/Img/me!capU-05.png,U
data/user/Img/me!capU-06.png,U
data/user/Img/me!capU-07.png,U
data/user/Img/me!capU-08.png,U
data/user/Img/me!capU-09.png,U
data/user/Img/me!capU-10.png,U
data/user/Img/me!capU-11.png,U
data/user/Img/me!capU-12.png,U
data/user/Img/me!capU-13.png,U
data/user/Img/me!capU-14.png,U
data/user/Img/me!capU-15.png,U
data/user/Img/me!capU-16.png,U
data/user/Img/me!capU-17.png,U
data/user/Img/me!capU-18.png,U
data/user/Img/me!capU-19.png,U
data/user/Img/me!capU-20.png,U
data/user/Img/me!capV-01.png,V
data/user/Img/me!capV-02.png,V
data/user/Img/me!capV-03.png,V
data/user/Img/me!capV-04.png,V
data/user/Img/me!capV-05.png,V
data/user/Img/me!capV-06.png,V
data/user/Img/me!capV-07.png,V
data/user/Img/me!capV-08.png,V
data/user/Img/me!capV-09.png,V
data/user/Img/me!capV-10.png,V
data/user/Img/me!capV-11.png,V
data/user/Img/me!capV-12.png,V
data/user/Img/me!capV-13.png,V
data/user/Img/me!capV-14.png,V
data/user/Img/me!capV-15.png,V
data/user/Img/me!capV-16.png,V
data/user/Img/me!capV-17.png,V
data/user/Img/me!capV-18.png,V
data/user/Img/me!capV-19.png,V
data/user/Img/me!capV-20.png,V
data/user/Img/me!capW-01.png,W
data/user/Img/me!capW-02.png,W
data/user/Img/me!capW-03.png,W
data/user/Img/me!capW-04.png,W
data/user/Img/me!capW-05.png,W
data/user/Img/me!capW-06.png,W
data/user/Img/me!capW-07.png,W
data/user/Img/me!capW-08.png,W
data/user/Img/me!capW-09.png,W
data/user/Img/me!capW-10.png,W
data/user/Img/me!capW-11.png,W
data/user/Img/me!capW-12.png,W
data/user/Img/me!capW-13.png,W
data/user/Img/me!capW-14.png,W
data/user/Img/me!capW-15.png,W
data/user/Img/me!capW-16.png,W
data/user/Img/me!capW-17.png,W
data/user/Img/me!capW-18.png,W
data/user/Img/me!capW-19.png,W
data/user/Img/me!capW-20.png,W
data/user/Img/me!capX-01.png,X
data/user/Img/me!capX-02.png,X
data/user/Img/me!capX-03.png,X
data/user/Img/me!capX-04.png,X
data/user/Img/me!capX-05.png,X
data/user/Img/me!capX-06.png,X
data/user/Img/me!capX-07.png,X
data/user/Img/me!capX-08.png,X
data/user/Img/me!capX-09.png,X
data/user/Img/me!capX-10.png,X
data/user/Img/me!capX-11.png,X
data/user/Img/me!capX-12.png,X
data/user/Img/me!capX-13.png,X
data/user/Img/me!capX-14.png,X
data/user/Img/me!capX-15.png,X
data/user/Img/me!capX-16.png,X
data/user/Img/me!capX-17.png,X
data/user/Img/me!capX-18.png,X
data/user/Img/me!capX-19.png,X
data/user/Img/me!capX-20.png,X
data/user/Img/me!capY-01.png,Y
data/user/Img/me!capY-02.png,Y
data/user/Img/me!capY-03.png,Y
data/user/Img/me!capY-04.png,Y
data/user/Img/me!capY-05.png,Y
data/user/Img/me!capY-06.png,Y
data/user/Img/me!capY-07.png,Y
data/user/Img/me!capY-08.png,Y
data/user/Img/me!capY-09.png,Y
data/user/Img/me!capY-10.png,Y
data/user/Img/me!capY-11.png,Y
data/user/Img/me!capY-12.png,Y
data/user/Img/me!capY-13.png,Y
data/user/Img/me!capY-14.png,Y
data/user/Img/me!capY-15.png,Y
data/user/Img/me!capY-16.png,Y
data/user/Img/me!capY-17.png,Y
data/user/Img/me!capY-18.png,Y
data/user/Img/me!capY-19.png,Y
data/user/Img/me!capY-20.png,Y
data/user/Img/me!capZ-01.png,Z
data/user/Img/me!capZ-02.png,Z
data/user/Img/me!capZ-03.png,Z
data/user/Img/me!capZ-04.png,Z
data/user/Img/me!capZ-05.png,Z
data/user/Img/me!capZ-06.png,Z
data/user/Img/me!capZ-07.png,Z
data/user/Img/me!capZ-08.png,Z
data/user/Img/me!capZ-09.png,Z
data/user/Img/me!capZ-10.png,Z
data/user/Img/me!capZ-11.png,Z
data/user/Img/me!capZ-12.png,Z
data/user/Img/me!capZ-13.png,Z
data/user/Img/me!capZ-14.png,Z
data/user/Img/me!capZ-15.png,Z
data/user/Img/me!capZ-16.png,Z
data/user/Img/me!capZ-17.png,Z
data/user/Img/me!capZ-18.png,Z
data/user/Img/me!capZ-19.png,Z
data/user/Img/me!capZ-20.png,Z